Word,Score
trump,1624891
to,1589497
the,901413
of,669888
in,588838
a,549260
is,450892
on,432321
trumps,349112
with,347509
from,346435
after,338054
at,323040
for,316430
house,310544
and,303916
that,284880
white,284553
donald,271120
who,245114
president,241658
was,239107
he,231210
be,228943
says,223978
its,218395
migrant,217562
families,189366
russian,175787
i,175003
his,174790
pardon,173101
not,164352
against,163786
my,163128
during,161615
mueller,160772
has,158531
as,156009
border,154040
administration,147971
if,144035
new,142254
us,135879
over,133343
should,133203
by,131681
no,129556
russia,128133
kids,125532
detention,125345
separating,124345
canada,124213
children,123644
it,121152
allies,121022
meeting,120302
manafort,120046
are,118087
parents,113485
ivanka,108509
up,107877
michael,107160
their,101879
you,101871
people,97791
have,97778
like,97656
more,97356
than,97356
right,94501
probe,91812
dont,90113
former,88432
centers,87851
concentration,87851
camps,87851
campaign,87336
money,81863
megathread,81359
paul,81359
charges,81359
texas,80877
shredded,80761
documents,80761
reveals,80550
files,79904
because,79795
cohens,78947
americans,78423
national,77539
least,77073
man,76092
cohen,75097
fbi,75077
tariffs,74909
jail,74345
cooperate,73283
warren,72775
jr,71706
just,70114
call,69694
tried,69419
news,69219
meet,69174
obamas,68534
contact,68526
show,68375
take,68075
himself,67223
putin,67212
mother,66993
case,66983
lawyer,66976
crimes,65787
epa,65770
robert,65349
hes,65070
investigation,64893
republican,64745
womp,64546
lets,64397
classified,64153
legal,63450
schwarzenegger,63196
stop,62886
actually,62558
while,62478
end,62343
down,62034
summit,61958
deal,61936
associate,61761
when,61711
twitter,61629
protecting,61466
giuliani,61220
stops,60876
separated,60505
schumer,60459
use,60387
wont,60367
conference,59682
about,59458
words,58993
god,58993
bless,58993
america,58993
him,58945
them,58808
going,58763
million,58134
primary,57832
paid,57016
justice,56844
absolute,56484
myself,56484
announces,56472
cant,55246
sanders,54268
forget,54141
jeff,54041
hand,53970
republicans,53860
where,53527
document,53346
planned,53346
soon,53346
inauguration,53346
policy,53167
wikipedia,52880
added,52880
list,52880
leaders,52306
ted,51324
cruz,51324
party,51094
takes,50335
knee,50335
anthem,50335
ceremony,50335
immigrant,50031
theres,49823
power,49340
dnc,49003
votes,49003
unanimously,49003
longer,49003
accept,49003
fossil,49003
fuel,49003
companies,49003
ordered,46802
witnesstampering,46802
york,45347
suit,45347
alleging,45347
charity,45347
engaged,45347
illegal,45347
conduct,45347
mccain,45171
stand,45171
even,45171
our,45171
doesnt,45171
george,44609
takei,44609
internment,44609
taken,44609
officially,44312
put,44312
china,44312
fox,44260
mocked,44260
praising,44260
kim,44260
jong,44260
un,44260
slamming,44260
willingness,44260
talk,44260
dictators,44260
indisputably,44131
worst,44131
american,44131
history,44131
stephen,42253
miller,42253
32yearold,42253
adviser,42253
convinced,42253
start,42253
offered,41322
trumpputin,41322
feds,41294
reassembled,41294
discovered,41294
700,41294
pages,41294
encrypted,41294
messages,41294
reconstructing,39467
obtained,39467
raid,39467
filmed,39198
herself,39198
harassing,39198
trans,39198
woman,39198
lost,39198
her,39198
election,39198
lot,39198
rejects,38896
bid,38896
let,38896
back,38896
into,38896
g7,38896
tamper,38687
potential,38687
witnesses,38687
special,38687
counsel,38687
tweeted,38282
crime,38282
germany,38282
way,38282
lowest,38282
level,38282
since,38282
1992,38282
refuses,38017
consider,38017
97,38017
climate,38017
scientists,38017
could,38017
business,37653
partner,37653
agrees,37653
part,37653
plea,37653
whistleblower,37494
quit,37494
child,37494
facility,37494
job,37494
refusing,37494
tell,37494
siblings,37494
hug,37494
warns,37094
active,37094
meddling,37094
seeks,37094
disclosure,37094
lid,37094
admits,36937
spygate,36937
pr,36937
anticipation,36937
impeachment,36937
elizabeth,36854
clear,36854
holding,36854
thousands,36854
hostage,36854
try,36854
get,36854
congress,36854
pay,36854
stupid,36854
wall,36854
kims,36416
sit,36416
speaks,36416
want,36416
do,36416
same,36416
democrats,35921
lack,35921
guts,35921
billionaire,35921
class,35921
son,35911
concerned,35911
wiretaps,35911
met,35911
ally,35911
lied,35795
senate,35795
judiciary,35795
committee,35795
extrump,35630
likely,35630
attorneys,35630
leave,35630
sources,35630
seizes,35610
control,35610
botnet,35610
eagles,35219
player,35219
obama,35219
invite,35219
players,35219
bbq,35219
instead,35219
2019,35146
budget,35146
underestimated,35146
debt,35146
23,35146
trillion,35146
cbo,35146
bars,35037
ap,35037
cnn,35037
contaminants,35037
movement,34971
swells,34971
online,34971
fing,34788
circus,34788
experts,34788
floored,34788
officials,34788
attended,34788
highly,34788
briefings,34788
abruptly,34723
exits,34723
questions,34723
chinese,34723
trademarks,34723
grieving,34720
talking,34720
toddler,34720
can,34688
this,34688
isnt,34688
democracy,34688
konstantin,34557
kilimnik,34557
most,33252
realize,33252
muellers,33252
uncovered,33252
routinely,33179
rips,33179
papers,33179
need,33179
preserved,33179
foundation,32860
apparently,32860
donates,32860
ton,32860
mocks,32764
coal,32764
bailout,32764
protect,32764
pagers,32764
blockbuster,32764
too,32764
will,32589
conservative,32589
pundit,32589
dinesh,32589
dsouza,32589
convicted,32589
finance,32589
violation,32589
pardons,32535
admitting,32535
guilty,32535
impeachable,32535
jared,32464
kushner,32464
made,32464
82,32464
outside,32464
income,32464
last,32464
year,32464
serving,32464
filings,32464
unable,32395
remember,32395
fake,32395
fan,32395
rally,32395
lewandowski,32273
girl,32273
syndrome,32273
seven,32154
sued,32154
until,32154
unblocks,32154
well,32154
supreme,32154
court,32154
memo,32097
recipe,32097
tyranny,32097
al,31841
sheriff,31841
pocketed,31841
750k,31841
inmate,31841
food,31841
funds,31841
defeated,31841
sounds,31832
monarch,31832
constitution,31832
written,31832
thwart,31832
clintons,31641
email,31641
prompted,31641
an,31641
so,31641
cellphone,31641
threatens,31539
all,31539
trade,31539
colin,31353
kaepernicks,31353
team,31353
expected,31353
subpoena,31353
nfl,31353
ukraine,31346
arrange,31346
talks,31346
speak,31301
regularly,31301
look,31104
legislator,31104
security,31104
black,31104
female,31104
lawmaker,31104
work,31104
ohio,31104
debate,31073
course,31073
obstructed,31073
falsely,30804
claimed,30804
days,30804
couldnt,30804
family,30804
separations,30804
staff,30733
say,30733
changing,30733
mission,30733
human,30733
health,30733
environment,30733
industry,30733
week,30732
went,30732
full,30732
dictator,30732
one,30732
retaliatory,30597
arnold,30432
politicians,30432
held,30432
cages,30432
secret,30014
audio,30014
patrol,30014
agent,30014
jokes,30014
wail,30014
msnbcs,29772
nicole,29772
wallace,29772
reading,29772
tweets,29772
air,29772
these,29772
boldface,29772
lies,29772
reportedly,29761
thinks,29761
burned,29761
britain,29761
1812,29761
judge,29475
rules,29475
block,29475
users,29475
mcconnell,29365
backs,29365
briefing,29365
conclusive,28893
proof,28893
separate,28893
sarah,28883
raj,28883
shah,28883
planning,28883
depart,28883
calls,28779
ousted,28779
group,28779
leading,28779
industrial,28779
nations,28779
annexing,28779
crimea,28779
reinstated,28779
sessions,28746
church,28746
slams,28746
bible,28746
defend,28746
what,28565
happens,28565
spend,28565
decades,28565
rebranding,28565
knowledge,28565
elitism,28565
ignorance,28565
bliss,28565
democrat,28232
leads,28232
fathers,28232
day,28232
march,28232
tent,28232
city,28232
avenatti,28213
tweet,28213
me,28213
knows,28213
ill,28213
ass,28213
spent,27659
far,27659
maralago,27659
alone,27659
cost,27659
presidents,27543
manager,27543
harleydavidson,27540
took,27540
tax,27540
cut,27540
closed,27540
factory,27540
rewarded,27540
shareholders,27540
roger,27204
stone,27204
2016,27204
korean,26921
surprise,26921
254,26654
counties,26654
beto,26654
orourke,26654
campaigned,26654
each,26654
huckabeesanders,26623
defends,26623
ripping,26623
very,26623
biblical,26623
enforce,26623
law,26623
watch,26598
extremely,26598
patriotic,26598
guy,26598
candidate,25991
endorsed,25991
pence,25991
loses,25991
governor,25875
cuomo,25875
intent,25875
file,25875
multiagency,25875
lawsuit,25875
violating,25875
constitutional,25875
rights,25875
chuck,25771
lawyers,25771
argument,25771
obstruct,25771
would,25771
valid,25771
dictatorship,25771
refused,25757
info,25757
ice,25757
collaborate,25757
fascists,25757
buyers,25670
tied,25670
soviet,25670
republics,25670
109,25670
cash,25670
properties,25670
heckler,25596
yells,25596
mr,25596
f,25596
arrives,25596
capitol,25596
boehner,25547
there,25547
bernie,25385
strange,25385
comfortable,25385
authoritarians,25385
democratic,25385
smallgovernment,25295
attacks,25295
amazon,25295
bezos,25295
hell,24959
punish,24959
trudeaus,24959
said,24670
never,24670
studied,24670
but,24670
2015,24670
wrote,24670
rudy,24283
won,24283
oxycontin,24283
maker,24283
continue,24283
sales,24283
drug,24283
behind,24283
opioid,24283
deaths,24283
lots,24276
evidence,24276
trumprussia,24276
collusion,24276
separation,24274
barack,24274
