Title,URL,Score
Trump Ordered Mueller Fired but Backed Off When White House Counsel Threatened to Quit,https://www.nytimes.com/2018/01/25/us/politics/trump-mueller-special-counsel-russia.html,94911
A petition calling for FCC Chairman Ajit Pai to resign is racking up huge numbers,https://www.dailydot.com/layer8/we-the-petition-ajit-pai-net-neutrality/,88279
The FCC’s craven net neutrality vote announcement makes no mention of the 22 million comments filed,https://techcrunch.com/2017/11/21/the-fccs-craven-net-neutrality-vote-announcement-makes-no-mention-of-the-22-million-comments-filed/,87635
The FCC has unveiled its plan to repeal its net neutrality rules,https://www.washingtonpost.com/news/the-switch/wp/2017/11/21/the-fcc-has-unveiled-its-plan-to-rollback-its-net-neutrality-rules/?pushid=5a14525ab0a05c1d00000038&tidr=notifi_push_breaking-news&utm_term=.bc1288927ad0,81979
Senate Passes Bill to Save Net Neutrality,https://www.popularmechanics.com/technology/infrastructure/a20717377/senate-net-neutrality-vote-2018/,78135
Maloney Introduces Legislation to Save the Open Internet Block FCC Rollback of Net Neutrality,https://seanmaloney.house.gov/media-center/press-releases/maloney-introduces-legislation-to-save-the-open-internet-block-fcc,73448
Cards Against Humanity buys plot of land on U.S./Mexico border to block border wall,http://www.khq.com/story/36844143/cards-against-humanity-buys-plot-of-land-on-usmexico-border-to-block-border-wall,73171
Mueller Subpoenas Trump Organization Demanding Documents About Russia,https://www.nytimes.com/2018/03/15/us/politics/trump-organization-subpoena-mueller-russia.html,71516
Senate bill to reverse net neutrality repeal gains 30th co-sponsor ensuring floor vote,http://thehill.com/policy/technology/367929-senate-bill-to-reverse-net-neutrality-repeal-wins-30th-co-sponsor-ensuring,71065
Mensa offers to host IQ test for Trump and Tillerson,http://thehill.com/blogs/in-the-know/in-the-know/354718-mensa-offers-to-host-iq-test-for-trump-and-tillerson,70818
First charges filed in Mueller investigation,http://www.cnn.com/2017/10/27/politics/first-charges-mueller-investigation/index.html,68873
Megathread: AP Calls Alabama Senate Special Election for Democrat Doug Jones,https://www.reddit.com/r/politics/comments/7jgexr/megathread_ap_calls_alabama_senate_special/,68076
“There will be a [Senate] vote” to reinstate net neutrality Schumer says,https://arstechnica.com/tech-policy/2017/12/there-will-be-a-senate-vote-to-reinstate-net-neutrality-schumer-says/,66562
Democrat wins Va. House seat in recount by single vote; creating 50-50 tie in legislature,https://www.washingtonpost.com/local/virginia-politics/democrat-wins-va-house-seat-in-recount-by-single-vote-creating-50-50-tie-in-legislature/2017/12/19/3ff227ae-e43e-11e7-ab50-621fe0588340_story.html?utm_term=.82f2b85b50fa,64569
Michael Cohen’s Third Client is Sean Hannity,https://www.thedailybeast.com/michael-cohens-third-client-is-sean-hannity,63609
Sen. Flake in a bombshell Senate-floor speech 'Mr. President I rise today to say: Enough.',http://www.azcentral.com/story/news/politics/arizona/2017/10/24/sen-jeff-flake-senate-speech-full-text/794958001/,63294
Dem slams Trump: I won't be lectured on military needs by a 'five-deferment draft dodger',http://thehill.com/homenews/senate/369960-dem-slams-trump-i-wont-be-lectured-on-military-needs-by-a-five-deferment,61975
17 women have accused Donald Trump of sexual misconduct. It’s time to revisit those stories,https://qz.com/1130324/17-women-have-accused-donald-trump-of-sexual-assault-or-misconduct-its-time-to-revisit-those-stories/,61778
Explosive ‘60 Minutes’ investigation finds Congress and drug companies worked to cripple DEA’s ability to fight opioid abuse,http://www.businessinsider.com/60-minutes-drug-industry-worked-against-dea-fight-opioid-epidemic-investigation-2017-10,61304
Elon Musk Quits Trump's Advisory Councils After President Pulls US From Paris Accord,https://www.buzzfeed.com/priya/musk-quits-trumps-advisory-councils-after-paris?utm_term=.vdNbzrxzv#.rhWGWXbW2,59764
The FCC Is Blocking a Law Enforcement Investigation Into Net Neutrality Comment Fraud,https://motherboard.vice.com/en_us/article/wjzjv9/net-neutrality-fraud-ny-attorney-general-investigation?utm_source=mbtwitter,59155
Donald Trump suggests he wants US law to limit free speech in wake of publication of explosive new book,http://www.independent.co.uk/news/world/americas/us-politics/trump-free-speech-libel-law-michael-wolff-fire-fury-mental-state-latest-a8145741.html,58530
Donald Trump's personal banking information handed over to Robert Mueller,https://www.theguardian.com/us-news/2017/dec/05/donald-trump-bank-records-handed-over-robert-mueller,58082
Support For Donald Trump's Impeachment Is Now Higher Than His Approval Rating,http://www.newsweek.com/donald-trump-impeachment-support-odds-removal-approval-rating-white-house-620913,57863
Cambridge Analytica Bragged About Using Fake News Bribes And Ukranian Hookers to Influence Elections,https://news.vice.com/en_us/article/bjp87a/cambridge-analytica-bragged-about-using-fake-news-bribes-and-ukranian-hookers-to-influence-elections,57790
Comcast quietly drops promise not to charge tolls for Internet fast lanes,https://arstechnica.com/tech-policy/2017/11/comcast-quietly-drops-promise-not-to-charge-tolls-for-internet-fast-lanes/,57784
Trump told friends at Mar-a-Lago 'you all just got a lot richer' after tax bill passed: report,http://thehill.com/homenews/administration/366348-trump-told-friends-at-mar-a-lago-you-all-just-got-a-lot-richer-after,57484
Megathread: Office of Special Counsel Indicts 13 Russian Nationals and 3 Russian Entities for Interference in 2016 Election,https://www.reddit.com/r/politics/comments/7y0ldo/megathread_office_of_special_counsel_indicts_13/,57261
EU Will Ignore White House And Work Directly With US States On Paris Agreement,http://www.iflscience.com/environment/eu-ignore-white-house-work-directly-states-paris-agreement/,57138
Trump attacks protections for immigrants from ‘shithole’ countries in Oval Office meeting,https://www.washingtonpost.com/politics/trump-attacks-protections-for-immigrants-from-shithole-countries-in-oval-office-meeting/2018/01/11/bfc0725c-f711-11e7-91af-31ac729add94_story.html,56829
Kushner loses access to top-secret intelligence,https://www.politico.com/story/2018/02/27/jared-kushner-security-clearance-downgrade-427178,56693
Sen. Dianne Feinstein unilaterally releases Fusion GPS testimony,https://www.cnbc.com/2018/01/09/sen-dianne-feinstein-unilaterally-releases-fusion-gps-testimony.html,56530
Megathread: F.B.I. Raids Office of Trump’s Longtime Lawyer Michael Cohen,https://www.reddit.com/r/politics/comments/8b1jtj/megathread_fbi_raids_office_of_trumps_longtime/,56366
Democrat Ralph Northam elected governor of Virginia,https://www.cnbc.com/2017/11/07/democrat-ralph-northam-elected-governor-of-virginia.html?__source=twitter%7Cmain,56281
Disney CEO Bob Iger Resigns From Trump’s Advisory Council Over Paris Accord Decision,http://variety.com/2017/film/news/disney-ceo-bob-iger-resigns-from-trumps-advisory-council-over-paris-accord-decision-1202451184/,56164
Reddit Rises Up Against CEO for Hiding Russian Trolls,https://www.thedailybeast.com/reddit-rises-up-against-ceo-for-hiding-russian-trolls,55447
Fox host: You can’t blame Dems for shutdown when “you’re in charge of everything”,https://shareblue.com/fox-host-shep-smith-you-cant-blame-dems-for-shutdown-when-youre-in-charge-of-everything/,55290
Megathread: Trump Administration Declines to Enact New Russia Sanctions,https://www.reddit.com/r/politics/comments/7ty9ot/megathread_trump_administration_declines_to_enact/,54960
Special counsel is investigating Trump for possible obstruction of justice officials say,https://www.washingtonpost.com/world/national-security/special-counsel-is-investigating-trump-for-possible-obstruction-of-justice/2017/06/14/9ce02506-5131-11e7-b064-828ba60fbb98_story.html?pushid=5941b725658e691d00000050&tid=notifi_push_breaking-news&utm_term=.0d97abde2cd1,54781
Florida shooting survivor: We should call AR-15s ‘Marco Rubio’ because they’re both easy to buy,http://thehill.com/blogs/blog-briefing-room/news/375229-florida-shooting-survivor-we-should-call-ar-15s-marco-rubio,54370
Reddit users demand ban for notorious pro-Trump community,https://www.dailydot.com/layer8/reddit-users-demand-ban-r-the-donald/,54140
Mattis orders Pentagon to allow transgender troops to continue serving pending study,https://www.usatoday.com/story/news/politics/2017/08/29/mattis-orders-pentagon-allow-transgender-troops-continue-serving-pending-study/614711001/,53958
Trump: I'm '100%' willing to testify under oath,http://thehill.com/homenews/administration/337165-trump-im-100-percent-willing-to-testify-under-oath?rnd=1497035924,53845
US Senate healthcare repeal bill fails,http://www.bbc.com/news/world-us-canada-40750071?ns_mchannel=social&ns_campaign=bbc_breaking&ns_source=twitter&ns_linkname=news_central,53831
The Secret Correspondence Between Donald Trump Jr. and Wikileaks,https://www.theatlantic.com/amp/article/545738/,53783
Trump sits talks through song lowering the flag at military base amid NFL anthem controversy,http://www.washingtonexaminer.com/trump-sits-talks-through-song-lowering-the-flag-at-military-base-amid-nfl-anthem-controversy/article/2637296,53394
Paul Ryan just claimed Obama delayed troop pay during 2013 shutdown. That’s a lie.,https://shareblue.com/paul-ryan-just-claimed-obama-delayed-troop-pay-during-2013-shutdown-thats-a-lie/,53316
Republicans just introduced a bill to remove Mueller from the Trump-Russia investigation,http://www.businessinsider.com/republicans-introduce-bill-to-remove-bob-mueller-from-special-counsel-2017-11,53033
After becoming president Trump sold millions in real estate in secret deals,http://www.newsweek.com/trump-real-estate-secret-buyers-777276,52929
Trump Lawyer Arranged $130000 Payment For Adult-Film Star’s Silence,https://www.wsj.com/articles/trump-lawyer-arranged-130-000-payment-for-adult-film-stars-silence-1515787678,52807
'I want to quit': Fox News employees say their network's Russia coverage was 'an embarrassment',https://amp.cnn.com/money/2017/10/31/media/fox-news-employees-russia-mueller-coverage/index.html,52767
McCain says American leadership was better under Obama,http://thehill.com/homenews/senate/337340-mccain-says-american-leadership-was-better-under-obama-report,52698
Trump Campaign Coordinator And 'Family Values' Republican Pleads Guilty To Child Sex Trafficking Faces Life in Prison,http://www.newsweek.com/republican-sex-trafficking-child-trump-coordinator-716348,52691
It’s official: Democrat Conor Lamb wins Pennsylvania special election in major upset.,https://www.vox.com/policy-and-politics/2018/3/14/17109448/pennsylvania-special-election-conor-lamb-defeats-rick-saccone,52571
Russian ambassador told Moscow that Kushner wanted secret communications channel with Kremlin,https://www.washingtonpost.com/world/national-security/russian-ambassador-told-moscow-that-kushner-wanted-secret-communications-channel-with-kremlin/2017/05/26/520a14b4-422d-11e7-9869-bac8b446820a_story.html?tid=sm_tw&utm_term=.a5b2cb01b540,52528
Vice President Mike Pence says climate change is just an issue for the left,https://www.independent.co.uk/news/world/americas/us-politics/mike-pence-climate-change-us-vice-president-paris-agreement-issue-left-for-some-reason-donald-trump-a7769081.html,52506
Bernie Sanders introduces bill to impose jail time for execs behind opioid crisis,https://www.statnews.com/2018/04/17/bernie-sanders-bill-jail-opioid-crisis/,52497
Delta ends NRA partnership and orders gun group to remove airline's information from website amid growing backlash,http://www.independent.co.uk/news/world/americas/delta-nra-discount-airline-remove-website-gun-control-florida-shooting-trump-latest-a8226701.html,52446
Kushner used private email to conduct White House business,http://www.politico.com/story/2017/09/24/jared-kushner-private-email-white-house-243071,52287
Russians successfully hacked into U.S. voter systems says official,https://www.nbcnews.com/politics/elections/russians-penetrated-u-s-voter-systems-says-top-u-s-n845721,51765
Jones: Men who hurt little girls should go to jail not the Senate,http://thehill.com/homenews/campaign/363345-jones-men-who-hurt-little-girls-should-go-to-jail-not-the-senate,51671
Former Fox News anchor: Trump tried to kiss me on the lips,http://thehill.com/homenews/administration/364056-former-fox-news-anchor-trump-tried-to-kiss-me-on-the-lips,51606
I'm on the FCC. Please stop us from killing net neutrality,http://www.latimes.com/opinion/op-ed/la-oe-rosenworcel-fcc-net-neutrality-repeal-20171122-story.html,51545
Donald Trump federal judge nominee is asked basic legal questions and can’t answer a single one,http://www.independent.co.uk/news/world/americas/donald-trump-federal-judge-nominee-asked-legal-questions-not-answer-district-washington-dc-a8111826.html,51406
Trump: I never said Russia didn't meddle in election,http://thehill.com/homenews/administration/374427-trump-i-never-said-russia-didnt-meddle-in-election,51159
White House Warns Reporters Not to Report on Instructions About Not Reporting on Today's Press Conference,http://www.slate.com/blogs/the_slatest/2017/06/22/white_house_press_conference_no_camera_notice_is_not_reportable_white_house.html,50933
President Trump is now directly implicated in trying to cover up the Russia scandal,https://www.washingtonpost.com/blogs/plum-line/wp/2017/08/01/president-trump-is-now-directly-implicated-in-trying-to-cover-up-the-russia-scandal/,50792
Laziest President in American History Departs for 17-Day Golf Resort Vacation,http://www.gq.com/story/trump-17-day-vacation,50582
Secret Service out of money to pay agents because of Trump's frequent travel large family,https://www.usatoday.com/story/news/politics/2017/08/21/secret-service-cant-pay-agents-because-trumps-frequent-travel-large-family/529075001/,50551
Democrats warn: 'There is going to be a political price to pay for taking net neutrality away from the American people',http://www.businessinsider.com/democrats-protest-republican-net-neutrality-decision-2017-12,50394
Trump proposes eliminating federal funding for PBS NPR,http://thehill.com/homenews/media/373434-trump-proposes-eliminating-federal-funding-for-pbs-npr,50370
Paying a Pornstar Hush Money Would Have Ended Any Other Presidency,https://www.gq.com/story/porn-star-hush-money-presidency,50227
White Terrorists Killed More Americans This Week Than Refugees Have in 40 Years,http://resistancereport.com/news/white-terrorists-killed-more-this-week/,50223
Paul “Mr. Responsible Balanced Budgets Guy” Ryan Created a Trillion-Dollar Deficit and Then Quit,https://slate.com/news-and-politics/2018/04/paul-ryan-balanced-budget-wonk-created-trillion-dollar-deficit-and-then-quit.html,50092
Ex-Trump Campaign Foreign Advisor George Papadopoulos Secretly Pleaded Guilty,https://www.bloomberg.com/news/articles/2017-10-30/ex-trump-campaign-foreign-advisor-george-papadopoulos-secretly-pleaded-guilty,50013
Small company from Trump Interior chief's hometown wins massive contract to restore Puerto Rico's power,http://thehill.com/business-a-lobbying/356818-small-company-from-trump-interior-chiefs-hometown-wins-massive-contract,49995
Trump gets a folder full of positive news about himself twice a day,https://news.vice.com/story/trump-folder-positive-news-white-house,49906
Donald Trump to drop climate change from list of national security threats,http://www.independent.co.uk/environment/donald-trump-climate-change-national-secuirty-security-threats-global-warming-environment-clean-coal-a8116326.html,49862
Alabama certifies Jones Senate victory,http://thehill.com/homenews/senate/366697-alabama-certifies-jones-senate-victory,49757
Pennsylvania Supreme Court Strikes Down State’s Congressional Map Saying It Illegally Benefits GOP,https://www.huffingtonpost.com/entry/pennsylvania-gerrymandering-court_us_5a662f2ee4b0022830057349?1vo,49717
Black voters just saved America from Roy Moore,https://thinkprogress.org/back-vote-alabama-jones-8da18c1d8d7a/,49597
A woman approached The Post with dramatic — and false — tale about Roy Moore. She appears to be part of undercover sting operation.,https://www.washingtonpost.com/investigations/a-woman-approached-the-post-with-dramatic--and-false--tale-about-roy-moore-sje-appears-to-be-part-of-undercover-sting-operation/2017/11/27/0c2e335a-cfb6-11e7-9d3a-bcbe2af58c3a_story.html,49559
#TrumpShutdown becomes top trending hashtag worldwide,http://thehill.com/blogs/blog-briefing-room/news/369882-trumpshutdown-becomes-top-trending-hashtag-worldwide,49546
Sean Spicer Out as Press Secretary,https://www.usnews.com/news/politics/articles/2017-06-19/sean-spicer-to-lead-communications-office-searches-for-new-press-secretary,49397
Don’t sugarcoat this. Trump just called for 32 million people to lose health coverage.,https://www.washingtonpost.com/blogs/plum-line/wp/2017/06/30/dont-sugarcoat-this-trump-just-called-for-32-million-people-to-lose-health-coverage/?utm_term=.cabacbdc8fd4,49379
Trump's motorcade greeted with chants of 'lock him up' in NYC,http://thehill.com/blogs/ballot-box/362928-trumps-motorcade-greeted-with-chants-of-lock-him-up-in-nyc,49207
Reddit Says It’s Cooperating With Russia Investigations. They’ve Handed Over Zero Documents.,https://www.thedailybeast.com/exclusive-reddit-says-its-cooperating-with-russia-investigations-theyve-handed-over-zero-documents,49097
Trump Impeachment Is Most Popular Solution Among Americans,http://www.newsweek.com/trump-impeachment-most-popular-solution-americans-655556,48862
Maryland Senate passes bill requiring presidential candidates to release their tax returns,http://thehill.com/homenews/state-watch/376953-maryland-senate-passes-bill-requiring-presidential-candidates-release,48734
Trump Impeachment Calls Surge as President Faces ‘Most Serious Scandal’ in U.S. History,http://www.newsweek.com/trump-impeachment-comey-testimony-president-623888,48671
McConnell won’t allow vote to bill to protect Mueller,https://apnews.com/bfb5ad674cec4f90b75b5f790d30eb89/McConnell-won't-allow-vote-to-bill-to-protect-Mueller,48638
GOP attacked Obama as an "amateur" but Trump gets a pass because "he's new to this",http://shareblue.com/gop-attacked-obama-as-an-amateur-but-trump-gets-a-pass-because-hes-new-to-this/,48583
State Dept. Was Granted $120 Million to Fight Russian Meddling. It Has Spent $0.,https://www.nytimes.com/2018/03/04/world/europe/state-department-russia-global-engagement-center.html,48530
Press briefing starts off with a bang as reporter asks why the American people should trust anything the White House says,http://www.businessinsider.com/reporter-asks-why-should-american-people-should-trust-anything-white-house-says-2018-3,48500
Trump Could Feed Every Homeless Veteran For The Cost Of His Military Parade Even Conservatively Estimated,http://www.newsweek.com/donald-trump-feed-homeless-veterans-cost-military-parade-839813,48455
Donald Trump's Sexual Assault Accusers Demand Justice in the #MeToo Era: 'We Were Forgotten',http://people.com/politics/donald-trump-sexual-assault-accusers-want-justice/,48306
Megathread: Reports: Michael Flynn To Plead Guilty To Making False Statements To FBI,https://www.reddit.com/r/politics/comments/7gvbgs/megathread_reports_michael_flynn_to_plead_guilty/,48214
News Anchors Reciting Sinclair Propaganda Is Even More Terrifying in Unison,http://nymag.com/daily/intelligencer/2018/04/anchors-reciting-sinclair-propaganda-is-terrifying-in-unison.html,48139
Comey to Trump: ‘Release all the tapes. I’m good with it.’,http://www.washingtonpost.com/politics/2017/live-updates/trump-white-house/james-comey-testimony-what-we-learn/comey-to-trump-release-all-the-tapes-im-good-with-it/,48117
Navy SEAL who says he killed bin Laden: ‘A military parade is third world bulls---’,http://thehill.com/homenews/administration/372941-navy-seal-who-says-he-killed-bin-laden-a-military-parade-is-third,48032
